epoch,accuracy,loss,val_accuracy,val_loss
0,0.33333334,1.9089024424552918,0.4642857015132904,1.6460071802139282
0,0.22222222,2.698347806930542,0.25,3.62142276763916
