epoch,accuracy,loss,val_accuracy,val_loss
0,0.5576923,1.1113249934636629,0.6000000238418579,0.8328496217727661
1,0.53846157,0.8122481291110699,0.699999988079071,0.4905359447002411
