epoch,accuracy,loss,val_accuracy,val_loss
0,0.5,1.7800483703613281,0.44999998807907104,1.5128839015960693
