epoch,acc,loss,val_acc,val_loss
0,0.4833333392937978,1.4087658723195393,0.5,1.5767743587493896
