epoch,accuracy,loss,val_accuracy,val_loss
0,0.40384614,0.9738493240796603,0.44999998807907104,0.4617938995361328
