epoch,accuracy,loss,val_accuracy,val_loss
0,0.53846157,1.0725268308932965,0.699999988079071,0.8102594614028931
1,0.5769231,0.6697892959301288,0.6499999761581421,0.45350462198257446
